dataset_size,avg_time,sampling,fix
1000,0.03054712129924155,,after
26000,1.6232299244999013,,after
51000,4.859026174300015,,after
76000,8.928055201300594,,after
101000,15.199288216300555,,after
1000,0.029000596800324276,none,after
26000,1.6142941317008082,none,after
51000,4.856446740800311,none,after
76000,9.65901672459986,none,after
101000,15.713372900800096,none,after
