dataset_size,avg_time,sampling,fix
1000,0.009496867199777626,,before
26000,2.6532852837004612,,before
51000,10.060081373100184,,before
76000,22.480535026899453,,before
101000,39.25482732450037,,before
1000,0.009186410200709361,none,before
26000,2.650483256700318,none,before
51000,10.086395976100539,none,before
76000,22.337076672399416,none,before
101000,39.400641090000136,none,before
